record,Se,PPV,F1,TP,FP,FN,DeltaMeanNN_ms,DeltaSDNN_ms
mitdb/100,0.9866666666666667,1.0,0.9932885906040269,222,0,3,0.29318413492717355,-0.06608183245135635
mitdb/101,0.7397260273972602,1.0,0.8503937007874016,162,0,57,0.3526796851965628,-0.03434523377336518
mitdb/103,0.9906542056074766,1.0,0.9953051643192489,212,0,2,0.0,0.006518977880411114
mitdb/105,0.9763779527559056,1.0,0.9880478087649402,248,0,6,-0.2902210510904979,0.09946671146677843
